Company Name,Contact
gomi Beauty Salon,647-993-1130
clouddata Inc,647-748-7886
ronto Beauty Spot & Academy Inc,437-917-9177
dwood Medi Spa & Wellness Centre,416-481-2888
rhana's Medical Esthethics O/A Redwood Medi Spa,647-642-4282
mwood Spa,416-977-6751
e Healing Room,416-924-6579
e Ten Spot,416-901-6109
e Ten Spot,416-613-6210
e Ten Spot,416-915-1010
e Ten Spot,416-613-0258
e Ten Spot,416-613-0256
e Ten Spot,647-693-7405
e Ten Spot,416-613-0252
e Ten Spot,416-613-0254
e Cellar,416-975-1799
iss Medical Spa,416-792-5477
erry's Nails & Spa,647-346-9288
yx Salon & Spa,416-901-4488
l In One Beauty Lounge,416-255-4615
diance Lakshore Sun Med Spa,416-503-0005
Om Wellness,416-792-4266
ecision Esthetics Inc,416-698-8179
ving Life The Right Way,416-698-7364
d Mill Toronto,416-232-3700
e Spa At The Old Mill,416-232-3700
dulge Beauty Bar,416-463-8543
n McCann Arbonne Independent Consultant,647-292-2029
i Thi Nguyen,416-251-1991
Lin Massage & Beauty Spa,416-253-6113
in Worthy,647-350-7546
chid Nails On Bloor,647-350-8333
nus Victoria,416-251-6778
rtensia Nails & Spa,416-546-4900
ban Beauty Bar Spa,416-503-3334
